Lat,Lon,Year,Month,Effort,pollock,chinook,chum
54,-166,2012,2,784.8000000000001,356.67982,45,1
54,-166,2012,3,5188.2,1967.33837,97,0
54,-166,2014,6,3856.2,1922.1300264230001,2,18
54,-166,2014,7,4393.2,1946.5178,2,19
54,-166,2015,3,2578.8,2918.73587,105,26
54,-166,2015,7,907.8,662.76936,3,14
54,-166,2016,1,14295,8093.31687,382,464
54,-166,2016,2,25476,9483.18576,462,664
54,-166,2016,3,21225,14646.07549,1085,142
54,-166,2016,7,1059,467.67746,0,0
54,-166,2016,8,10412.2,3960.3147365788,21,250
54,-166,2016,9,5945,1541.9192229587,83,1629
54,-166,2017,1,20274,11008.70245,1169,375
54,-166,2017,2,5959.8,3286.41893,365,330
54,-166,2017,3,27352.2,22090.7189,631,170
54,-166,2017,7,8808,1571.3402027424,13,12
54,-166,2017,8,10655.2,2239.3178207403,9,60
54,-166,2018,2,15371.4,4987.79806,525,142
54,-166,2018,8,45167,6128.4721070839,10,225
54,-166,2018,9,10733,4381.7674832583,5,307
54,-166,2019,8,16912.2,2454.82379,10,208
54,-166,2019,9,35639.4,8816.671856191,65,5867
54,-165,2011,8,10384,670.5306320224,3,100
54,-165,2015,9,21300,7318.686127997,28,636
54,-165,2016,8,26285,8044.5863270318005,40,749
54,-165,2016,9,13965,5158.142662284,108,3894
54,-165,2018,7,19531,6383.3498579409,11,112
54,-165,2018,8,28272,5381.5752330637,60,252
54,-165,2019,8,6208,1526.5673891958,23,300
54,-165,2019,9,4241,1116.5892863487,53,3576
54,-164,2011,6,23186,6104.7218996178,10,59
54,-164,2011,7,15684,2164.00528268,3,117
54,-164,2011,10,8571,741.7228616786,165,354
54,-164,2012,6,9073,1453.9245711405,3,27
54,-164,2012,7,18579,1737.3245479925001,3,356
54,-164,2012,8,8846,474.6227266423,2,103
54,-164,2013,6,4019,947.6039024979,2,2
54,-164,2014,6,18425,5889.9028211475,2,82
54,-164,2014,7,28724,5632.7377197915,2,379
54,-164,2015,3,3410,2112.9974598967,51,3
54,-164,2015,6,14913,2921.1498313467,7,8
54,-164,2015,7,15755,8648.8616287533,31,111
54,-164,2015,8,11830,5302.436291881,31,125
54,-164,2015,9,12971,4860.9834144797,197,114
54,-164,2015,10,3214,1603.6912462747,209,35
54,-164,2016,1,6927,2900.8996535801,160,308
54,-164,2016,2,12736,2114.2112730789,177,198
54,-164,2016,3,10591,5409.7002279653,153,59
54,-164,2016,7,21267,8402.0697313066,6,142
54,-164,2016,8,30906,17466.026892024798,140,1184
54,-164,2016,9,20345,11592.2810310971,423,1353
54,-164,2017,6,18755,6520.8289425681,174,879
54,-164,2017,7,39688,13427.2646967395,77,249
54,-164,2017,8,36073,9833.433071555,219,196
54,-164,2017,9,16569,4173.3332992288,340,133
54,-164,2017,10,1526,933.981616442,85,20
54,-164,2018,6,16628,3416.9721045855,42,6
54,-164,2018,7,43734,9304.6480139928,31,182
54,-164,2018,8,83975,16070.9380139933,51,301
54,-164,2018,9,34317,8013.4880341447,81,1303
54,-164,2019,6,11321,1368.0255160716,2,66
54,-164,2019,7,20494,3633.4499703527,4,1059
54,-164,2019,8,57468,10418.2987021725,47,524
54,-164,2019,9,49160,7163.358863998,107,8274
54,-164,2019,10,6790,927.7107019266,85,193
55,-168,2013,7,1729.8,354.54302,0,2702
55,-168,2014,7,18832.8,8768.70104,5,716
55,-168,2015,6,20219.4,8157.0933264284,36,207
55,-168,2015,7,13176,5309.74435,13,2425
55,-168,2015,8,1323.6,658.73118,0,773
55,-168,2015,9,24634.8,9175.23403,58,5977
55,-168,2016,8,32474.4,17487.07175,53,15679
55,-168,2016,9,76368,31285.18785,304,3404
55,-168,2017,7,26546.4,14949.49179,54,17154
55,-168,2017,8,35155.2,15877.09749,41,2593
55,-168,2018,7,47676.6,12292.8971542652,99,14618
55,-168,2018,8,7947.2,2479.9908718817,4,289
55,-168,2018,9,12372.6,3686.69887,15,1010
55,-168,2019,7,14206.8,5629.48844,7,946
55,-168,2019,8,12237.6,4414.20481,5,998
55,-168,2019,9,21894.6,6438.96201,320,2611
55,-168,2019,10,19116,6187.82676,304,373
55,-167,2013,7,6790,1114.1131256009999,2,1940
55,-167,2014,7,11884,3502.1153518608003,0,140
55,-167,2015,6,8980.4,2273.5976243641,13,97
55,-167,2015,7,8617,1355.2621071687,2,360
55,-167,2015,9,4460.4,1548.44615,8,1129
55,-167,2016,7,2959.2,2206.21094,30,1985
55,-167,2016,8,7040.2,6346.5815088355,16,14528
55,-167,2016,9,50717.4,13376.7610201786,225,9558
55,-167,2017,7,43050.6,24231.2148387879,45,82088
55,-167,2017,8,7984.4,3858.6431785228,33,3907
55,-167,2018,6,3472.8,1093.4295299999999,30,1747
55,-167,2018,7,31774.6,8823.5726881194,102,16605
55,-167,2019,9,38305.4,6343.730503785,186,3970
55,-167,2019,10,21649.2,3303.54525,57,96
55,-166,2011,2,18844.6,10531.9614149178,327,0
55,-166,2011,3,19625.4,5537.15009,118,2
55,-166,2011,4,8853.6,3062.3039270848,56,2
55,-166,2011,10,72376.8,7131.02381,816,1049
55,-166,2012,2,11199,4772.05528,509,0
55,-166,2012,3,16272.6,6854.25019,620,0
55,-166,2012,6,26703,2595.6257,0,21
55,-166,2012,7,6826.2,932.92283,0,21
55,-166,2013,2,2862,996.88462,119,1
55,-166,2013,3,7958.4,2772.2174469777,205,1
55,-166,2014,6,4095,1288.13188,0,15
55,-166,2014,7,58156.2,13357.357655268701,10,2912
55,-166,2014,8,34609,5044.7654350328,4,10041
55,-166,2015,3,16129.4,7667.5550457666,190,84
55,-166,2015,6,54077,13366.5005556689,61,381
55,-166,2015,7,60533.4,16447.0210615864,56,1275
55,-166,2015,8,17869.2,7691.2329418866,32,1458
55,-166,2015,9,19706.6,10813.9786857899,24,12413
55,-166,2016,1,9922.2,3659.81231,553,720
55,-166,2016,2,3325.2,1361.49326,58,25
55,-166,2016,6,2678.4,720.31966,0,54
55,-166,2016,7,71856,34966.3749156936,55,9488
55,-166,2016,8,83303,33570.2636087547,118,26950
55,-166,2016,9,49857.8,20459.2557654871,72,25166
55,-166,2017,1,4090.2,1232.17227,254,77
55,-166,2017,6,1972.2,685.92041,5,113
55,-166,2017,7,84621,16826.1065052507,87,3977
55,-166,2017,8,111313.4,23920.9084413829,93,721
55,-166,2017,9,24091.2,4769.8774,37,449
55,-166,2018,6,3996.6,678.14694,2,684
55,-166,2018,7,49620,10150.3424115381,55,10098
55,-166,2018,8,23500.2,3933.2913188864,48,12772
55,-166,2018,9,52052.4,13683.42966,72,829
55,-166,2019,8,75706.8,8545.64506,76,1089
55,-166,2019,9,249282.8,38811.8445223775,396,28334
55,-166,2019,10,35377.4,4484.0184041539,58,1720
55,-165,2011,1,9545.8,4109.8947829253,142,0
55,-165,2011,2,84498.6,36420.4689936377,851,1
55,-165,2011,3,144098.4,49940.7803405611,1129,5
55,-165,2011,4,63597.2,17260.2943136827,467,8
55,-165,2011,6,50028,12656.454034038301,12,10867
55,-165,2011,7,44401.8,4747.4567303464,35,1201
55,-165,2011,8,43228.6,4700.3972431949,39,1351
55,-165,2011,9,69378,5558.4976359297,759,486
55,-165,2011,10,199021.8,15497.5094771612,3272,2974
55,-165,2012,1,50615.6,21495.6756891676,637,1
55,-165,2012,2,113778.2,32897.710536438,1211,2
55,-165,2012,3,79019,20350.5595413333,874,1
55,-165,2012,4,16398,3437.7729434886,63,0
55,-165,2012,6,96336.6,15705.4035951751,94,373
55,-165,2012,7,61461.4,6997.7291611874,22,311
55,-165,2012,9,51804,3886.5282044549,307,1773
55,-165,2012,10,25897,1544.7904626606,218,176
55,-165,2013,1,23735,5990.7099805825,519,0
55,-165,2013,2,36304.4,10500.8755650186,851,1
55,-165,2013,3,27300.2,7984.4726442914,1149,4
55,-165,2013,4,2115,706.2120222161,83,1
55,-165,2013,6,17977.8,3541.0842125102,34,510
55,-165,2013,7,24593.6,4279.6848964828,16,1934
55,-165,2013,8,12574,1752.6264865946,25,2604
55,-165,2013,9,30584,2917.6966326342,445,2108
55,-165,2013,10,13939,1607.4723922708,476,291
55,-165,2014,2,5733.4,4349.365693189,407,1
55,-165,2014,3,2772.8,2196.418443829,246,0
55,-165,2014,4,1958,412.9350715072,54,0
55,-165,2014,6,94354.4,18522.504331327298,36,1416
55,-165,2014,7,48405.2,8659.051606405501,16,2125
55,-165,2014,8,90683,14043.679717855599,374,4494
55,-165,2014,9,49725.4,8011.0416748094,317,2487
55,-165,2015,3,27253,10245.0191593551,128,166
55,-165,2015,6,21520.4,9640.2447952554,18,906
55,-165,2015,7,51669.4,11352.9680304188,138,1739
55,-165,2015,8,172956.8,53123.3547205758,352,62888
55,-165,2015,9,67652.4,26360.1549308056,283,11044
55,-165,2015,10,8899.6,1408.3106096881,21,42
55,-165,2016,1,1901.4,966.9547850390001,20,0
55,-165,2016,4,7714,3893.2948954303,83,23
55,-165,2016,6,49343.6,15169.6484872941,80,4688
55,-165,2016,7,155112,67030.8623652436,54,9665
55,-165,2016,8,97113.2,45108.3227778824,173,14279
55,-165,2016,9,11265,7793.8615569411,78,10170
55,-165,2017,1,493.8,374.51991,117,0
55,-165,2017,3,796.8,1707.48454,156,3
55,-165,2017,6,13206.6,4875.1535521465,34,2283
55,-165,2017,7,101620.2,39894.8214910212,725,30149
55,-165,2017,8,103250,32498.521254782,629,4926
55,-165,2017,9,42712.8,13155.0555292964,476,3132
55,-165,2017,10,5808,2784.9664333247,86,70
55,-165,2018,1,17346.8,18440.2537127075,541,3
55,-165,2018,2,32759,26377.3332885051,983,11
55,-165,2018,3,3878,2149.3457904433,31,1
55,-165,2018,4,5514,3865.7645601261,364,0
55,-165,2018,6,86015.4,16989.3927727753,403,9274
55,-165,2018,7,63115,11927.5018742573,169,2475
55,-165,2018,8,87311.8,14628.6104263819,130,522
55,-165,2018,9,109647.2,32562.8686670075,602,6269
55,-165,2019,1,2880.6,5025.33355,528,6
55,-165,2019,2,2141.4,3383.77985,131,1
55,-165,2019,3,8744.4,17848.23343,1080,21
55,-165,2019,6,43043.6,8132.5113113334,110,6252
55,-165,2019,7,93857,22028.5100128588,28,2917
55,-165,2019,8,150248.4,27211.6845688861,559,4075
55,-165,2019,9,114030.6,15142.7182609278,210,3696
55,-165,2019,10,16399.6,2434.4297977314,81,221
55,-164,2011,1,14932.6,5281.6615160106,104,1
55,-164,2011,2,36048.2,14854.8679977215,427,0
55,-164,2011,3,46523,16346.6930791725,204,4
55,-164,2011,4,11074,3241.112528367,61,2
55,-164,2011,6,81332,17735.0466965581,12,7916
55,-164,2011,7,22361,1991.5975443976001,18,747
55,-164,2011,8,17405.8,1561.7820852695,15,1035
55,-164,2011,9,51196,4328.1629723968,670,987
55,-164,2011,10,54435,4953.5731450628,979,756
55,-164,2012,1,39612.8,12399.5452097604,46,0
55,-164,2012,2,59872,16596.3100865377,985,2
55,-164,2012,3,71153.6,28657.1790542119,683,0
55,-164,2012,4,11705,4331.9618084957,61,0
55,-164,2012,6,61786.6,8673.9747315682,10,206
55,-164,2012,7,59123.4,7825.8111117479,5,338
55,-164,2012,8,18098.8,1638.8821689591,12,490
55,-164,2012,9,10185,614.2493443452,81,152
55,-164,2012,10,151918,10983.9601390282,928,1353
55,-164,2013,1,9721.2,2734.8074029764,155,1
55,-164,2013,2,8562.6,2242.3669592797,66,1
55,-164,2013,3,4804,1012.8282508404,63,0
55,-164,2013,4,21528,11372.9623163164,28,0
55,-164,2013,6,31396.8,8278.6960083568,63,105
55,-164,2013,7,48599.6,14179.1212651356,40,13722
55,-164,2013,8,30460,4826.0695025763,31,3482
55,-164,2013,9,28988,2479.8997097343,524,829
55,-164,2013,10,10757,1132.5271614533,155,186
55,-164,2014,1,3943.8,2242.66455,54,2
55,-164,2014,2,15554.4,6204.6783175529,255,0
55,-164,2014,3,11844.8,5857.7189378074,455,0
55,-164,2014,4,22212,5408.4444574892,194,4
55,-164,2014,6,96450.8,19281.7886829057,52,902
55,-164,2014,7,54391.8,10637.51586109,17,2002
55,-164,2014,8,36212,4480.6262541706,112,1207
55,-164,2014,9,187225,34473.2296796542,1111,14375
55,-164,2015,1,4752.4,2618.0034822386,269,65
55,-164,2015,2,5915,3143.6385710881,243,357
55,-164,2015,3,13108,5045.4131649368,281,79
55,-164,2015,4,904,371.1319986881,25,2
55,-164,2015,6,28129,7611.0441005633,28,118
55,-164,2015,7,202413,53172.9434498995,303,4684
55,-164,2015,8,61761,18179.5442461558,65,30759
55,-164,2015,9,22910,7727.7370880386,213,7417
55,-164,2015,10,32563,10173.7035525735,176,706
55,-164,2016,1,8102.6,2790.5241455794003,187,164
55,-164,2016,2,5791.2,3226.8011140321,140,3
55,-164,2016,3,28216.2,15754.8151466239,902,17
55,-164,2016,4,22075,11174.8299939545,355,23
55,-164,2016,6,47356.6,19117.5433633014,51,2469
55,-164,2016,7,122825.8,56397.2984508406,30,6672
55,-164,2016,8,64997,28923.0888624793,67,7239
55,-164,2016,9,13649,7230.3276950967,192,2185
55,-164,2017,1,1806.8,2102.8528726145,230,1
55,-164,2017,2,9408.4,11953.6157014304,767,11
55,-164,2017,3,31729.8,37646.9843210724,1446,5
55,-164,2017,4,37858.8,17476.9726515317,381,5
55,-164,2017,6,37381.8,16472.522441439,286,3594
55,-164,2017,7,85509,32044.2021685854,421,8635
55,-164,2017,8,95746,25672.7545744341,224,1647
55,-164,2017,9,33088,10819.1659486755,212,2504
55,-164,2018,1,8423.4,7964.8226881058,132,3
55,-164,2018,2,50329,41679.7042953514,330,6
55,-164,2018,3,74240.8,72603.8783740615,435,6
55,-164,2018,4,11102,3500.3224241272,66,4
55,-164,2018,6,44319.8,7502.9610126106,110,4516
55,-164,2018,7,19866,3727.5445323626,17,48
55,-164,2018,8,181646,25454.3128805005,168,1002
55,-164,2018,9,47031,10021.0195981117,205,4022
55,-164,2019,1,17698,25148.0055478372,1330,23
55,-164,2019,2,29723.4,29502.7903281572,921,16
55,-164,2019,3,21123.2,34268.2380925976,1070,19
55,-164,2019,4,5939,6959.8419466115,316,1
55,-164,2019,6,45743,5897.934354447,46,2891
55,-164,2019,7,171773,32599.5003805632,39,9745
55,-164,2019,8,160922,27592.5162416011,223,2069
55,-164,2019,9,117756,17820.1566611126,273,10794
55,-163,2011,1,3207,2666.9786664286003,83,0
55,-163,2011,3,6438,1519.9385903006,6,0
55,-163,2011,4,3985,382.4972091105,11,0
55,-163,2011,6,35122,10101.6510849874,18,3520
55,-163,2011,7,4667,929.245885303,2,1290
55,-163,2011,8,10353,1726.5589866830999,17,181
55,-163,2011,9,18182,2325.4465182335,129,2018
55,-163,2011,10,9283,1345.6724840783,216,547
55,-163,2012,1,21003,8689.2513077472,45,0
55,-163,2012,3,5895,1968.0606363184002,3,0
55,-163,2012,6,22074,3654.317033742,7,143
55,-163,2012,7,14788,1975.5762082972,5,61
55,-163,2013,4,29030,14645.1173457099,79,0
55,-163,2013,6,14276,4918.8164416549,3,715
55,-163,2013,7,28343,7522.0796682579,27,6900
55,-163,2013,8,36790,7693.2742737474,65,3137
55,-163,2014,2,9908,6759.9029658394,525,0
55,-163,2014,3,5707,1937.0403613187,173,3
55,-163,2014,4,5063,1661.0874639971,89,1
55,-163,2014,6,13417,2848.1073984131,11,38
55,-163,2014,7,41687,10523.0420254565,21,4326
55,-163,2015,2,7830,6762.3412516238,712,588
55,-163,2015,3,3300,1364.8626164761001,95,20
55,-163,2015,4,786,398.61243883199995,13,1
55,-163,2016,1,2406,1041.5764481601,43,0
55,-163,2016,3,26530,14173.4304956818,592,30
55,-163,2016,4,10129,3691.3220064715,138,12
55,-163,2016,6,15713,4436.2098089112,18,302
55,-163,2016,7,2511,1164.540350151,1,35
55,-163,2017,1,2171,2924.3853057217,373,2
55,-163,2017,3,8328,8055.7989036223,277,3
55,-163,2017,4,8766,3186.1756884746,81,1
55,-163,2017,6,28824,17477.9212179483,214,8135
55,-163,2017,7,1099,927.269810143,2,1387
55,-163,2017,8,4344,2294.6893268083,103,331
55,-163,2017,9,22600,7503.0092842452,254,2242
55,-163,2018,2,11636,10683.2193258707,205,1
55,-163,2018,3,9450,8961.3266706943,45,1
55,-163,2018,4,30017,13301.2778283983,115,8
55,-163,2018,6,72656,15925.504506770101,276,7098
55,-163,2018,7,5407,582.6298738249,1,580
55,-163,2018,8,5346,1548.3105662481998,52,1347
55,-163,2019,1,7196,7451.2339831730005,899,15
55,-163,2019,2,4479,6805.5132662159,187,4
55,-163,2019,3,6296,8024.8033494068,246,1
55,-163,2019,4,4553,4277.8287342832,43,3
55,-163,2019,6,9574,1738.6349763498001,31,6273
55,-163,2019,8,12941,2368.5985747612,238,191
55,-162,2012,3,3540,758.0027454303,1,0
55,-162,2013,7,11700,4596.263278609,11,1961
55,-162,2016,3,29734,14828.1130638897,583,20
55,-162,2016,4,3591,1190.7802151631001,31,1
55,-162,2016,7,3083,1204.1634580398,6,1706
55,-162,2017,2,3855,5658.1216560014,154,1
55,-162,2017,3,16543,19491.5985049358,310,0
55,-162,2017,4,5077,4605.7336069057,25,0
55,-162,2018,3,802,1886.7941201244998,5,0
55,-162,2018,4,14176,6498.7262935623,79,6
55,-162,2019,1,735,811.2009657686001,24,0
55,-162,2019,2,1029,2261.2611567131,38,0
55,-162,2019,3,12631,34710.4462421712,412,16
55,-162,2019,4,5734,6436.7819051459,144,0
56,-172,2015,6,3402,1674.09316,0,77
56,-172,2016,7,1240.2,930.41669,3,130
56,-172,2016,8,6389.4,2792.61085,3,192
56,-172,2017,7,2491.2,1354.40776,0,49
56,-172,2017,8,4677.6,2056.25753,0,46
56,-172,2018,8,2056.8,786.36791,1,7
56,-172,2018,9,481.8,107.58670000000001,1,22
56,-172,2019,7,11001,3841.51769,2,346
56,-171,2011,3,2714.4,1581.55811,42,5
56,-171,2011,6,6465.6,2157.61514,10,309
56,-171,2011,7,600,144.12561,0,52
56,-171,2011,8,3704.4,513.77527,7,331
56,-171,2011,10,7920,1071.2963399999999,185,191
56,-171,2012,2,3041,2833.792552656,13,0
56,-171,2012,7,4552.2,1563.43051,2,39
56,-171,2013,3,9214.8,6332.30548,60,3
56,-171,2013,6,3265.8,2164.15133,3,189
56,-171,2013,8,3252,1283.87466,6,37
56,-171,2014,6,1813.8,583.66787,1,814
56,-171,2014,8,2400.6,1343.52253,1,1665
56,-171,2014,9,4184.4,1459.28229,54,81
56,-171,2015,3,990,994.09141,20,10
56,-171,2015,6,18963,6819.91492,14,1172
56,-171,2015,7,3104.4,1571.29193,6,137
56,-171,2015,8,9447,2997.73685,54,1825
56,-171,2015,9,2653.8,568.93425,6,300
56,-171,2016,7,6496.8,5816.50749,10,1074
56,-171,2016,8,30382.8,13151.13169,92,13897
56,-171,2017,7,17596.8,10453.18697,44,5575
56,-171,2017,8,13474.2,7099.63669,27,107
56,-171,2018,6,12623.4,7369.61187,30,8195
56,-171,2018,7,27104.4,6781.90039,46,16838
56,-171,2018,8,9851.4,3661.41604,33,86
56,-171,2018,9,10863.6,2565.94781,21,745
56,-171,2019,7,40300.2,10126.30308,13,16948
56,-171,2019,8,11016,3244.38989,19,1013
56,-171,2019,9,4978.2,1830.84056,92,447
56,-170,2011,1,187.8,348.07322,2,0
56,-170,2011,2,6107.4,3055.88275,24,1
56,-170,2011,3,44033,25815.5860572897,184,26
56,-170,2011,6,7552.2,2506.80707,10,171
56,-170,2011,7,25129.6,8863.7083868515,48,1163
56,-170,2011,8,22388,3500.799806678,36,3062
56,-170,2011,9,51343.8,6582.46023,57,5707
56,-170,2011,10,91978.8,10754.04794,342,579
56,-170,2012,2,11985.6,12667.8257604745,40,0
56,-170,2012,3,8004,5102.1465377051,19,0
56,-170,2012,7,7469.2,2775.1170623838,0,46
56,-170,2013,2,7475,7977.4763848547,54,1
56,-170,2013,3,30782.4,20344.12343,457,22
56,-170,2013,4,3759,3152.52616,18,3
56,-170,2013,6,3748.2,1238.93702,5,3
56,-170,2013,7,2099.4,744.82457,3,36
56,-170,2013,8,1929,637.41277,5,2059
56,-170,2013,9,10972.8,1272.2886526634,12,902
56,-170,2014,3,13179,14000.87359,140,25
56,-170,2014,4,3536,3148.2753244074,21,19
56,-170,2014,6,6434.4,3567.47458,5,4007
56,-170,2014,7,3704.4,2539.11896,1,1133
56,-170,2014,8,30805.2,8823.0113156324,31,4483
56,-170,2014,9,26710.2,5290.5118186931,82,3021
56,-170,2015,1,294.6,223.63329,7,4
56,-170,2015,2,5900.8,4044.0233580269,76,43
56,-170,2015,3,4027.8,2991.1447,52,36
56,-170,2015,6,16476,3731.4237406792,8,108
56,-170,2015,7,19327.2,6339.76822,31,1088
56,-170,2015,8,54669.8,15827.4145065604,224,11366
56,-170,2016,2,6545.6,3317.1783774811,161,12
56,-170,2016,3,1842.6,1603.35119,83,7
56,-170,2016,7,511.8,470.39246,1,561
56,-170,2016,8,19276.2,8774.81965,70,6309
56,-170,2017,3,1947,1349.12996,58,5
56,-170,2017,7,9135.6,6649.4035699999995,66,1968
56,-170,2017,8,17170.8,8382.81591,24,1774
56,-170,2018,6,19473.6,7439.74861,40,7542
56,-170,2018,7,25111.8,8762.78363,28,7657
56,-170,2018,8,21156.8,4644.9675801855,36,734
56,-170,2018,9,12811.2,3562.01737,41,3688
56,-170,2019,6,3783,586.4812900000001,9,15
56,-170,2019,7,50397.4,11590.8159451355,16,11361
56,-170,2019,8,9885,3958.96662,4,1087
56,-170,2019,9,13501.8,3962.39854,187,1517
56,-170,2019,10,12093,3540.19971,140,262
56,-169,2011,2,4092,3113.92378,40,0
56,-169,2011,3,39489.6,20604.4439846551,432,26
56,-169,2011,4,2415,847.4053479649,6,0
56,-169,2011,8,1789.8,496.3089897968,0,68
56,-169,2011,9,4390.2,868.9559,10,62
56,-169,2011,10,9131.4,1145.12299,23,885
56,-169,2012,2,5737.2,3785.87083,98,0
56,-169,2012,3,765,1227.79302,2,0
56,-169,2012,6,13845.6,3392.4467729185,3,62
56,-169,2012,7,740.4,270.03118,0,123
56,-169,2013,1,1669.8,1670.9877078083,7,0
56,-169,2013,2,8354.8,6686.7992437115,119,0
56,-169,2013,3,59242.6,40902.8254139543,1007,49
56,-169,2013,4,3446,2019.5567460913,10,9
56,-169,2013,6,2241.6,1725.8278,6,12
56,-169,2014,3,20850,22464.9662344939,765,97
56,-169,2014,4,18448,14271.450446061,228,89
56,-169,2014,7,15038.6,5235.7554609705,6,5332
56,-169,2014,8,11637.2,3795.5473636644,11,1237
56,-169,2015,2,12731.4,7594.3139764132,303,105
56,-169,2015,3,1890,1355.5270039003,83,24
56,-169,2015,6,13787,3804.0964468542,10,186
56,-169,2015,7,775.2,225.59599,0,13
56,-169,2015,8,3647,960.8197697901,14,4602
56,-169,2016,2,27925.2,7017.8913058711005,515,120
56,-169,2016,3,21490.2,10139.91038,185,84
56,-169,2016,8,7589.4,3845.98449,20,905
56,-169,2016,9,7367.4,3575.14044,91,401
56,-169,2017,3,16792.2,5639.3602,539,64
56,-169,2017,4,6363.6,2381.36066,26,0
56,-169,2017,6,1071,735.57838,1,6
56,-169,2017,7,13567.8,8052.20929,180,15408
56,-169,2017,8,38868.6,19265.80386,63,16508
56,-169,2018,3,1320,1375.26739,93,5
56,-169,2018,4,4070.2,5023.800043432,129,9
56,-169,2018,6,2350.2,850.04331,16,707
56,-169,2018,7,19296,6350.03099,27,3993
56,-169,2018,8,8039.4,2843.8920463191,4,327
56,-169,2018,9,4049.4,1273.56608,19,502
56,-169,2019,6,16544.4,5729.13847,4,40
56,-169,2019,7,7511,2306.6072803741,2,7609
56,-169,2019,8,15384,4302.58882,11,4915
56,-169,2019,9,16274.4,5355.90113,132,2261
56,-169,2019,10,65283,18170.54477,821,2172
56,-168,2011,2,3565,1122.888164488,5,0
56,-168,2011,3,6926.2,2950.2210658352,42,1
56,-168,2011,4,6483,1833.1182670204998,30,1
56,-168,2011,7,15729.6,4127.0732006192,1,2115
56,-168,2011,8,11653,1993.4762529676,2,243
56,-168,2011,9,4710,753.121,3,86
56,-168,2011,10,19664.4,2804.26462,57,9487
56,-168,2012,2,21745.2,13994.2743639719,65,0
56,-168,2012,3,64503,34549.2124372333,153,0
56,-168,2012,6,36842.6,7096.2034857678,5,46
56,-168,2012,7,18639,5393.5478269286,1,317
56,-168,2012,8,19805.4,2486.88502,0,6
56,-168,2012,9,888.6,94.69019999999999,5,3
56,-168,2013,1,1787.8,2417.6008130596,14,0
56,-168,2013,2,48825.2,19686.1958246023,191,5
56,-168,2013,3,71444.4,32718.1993014661,669,18
56,-168,2013,4,1392,1007.8182896151,0,0
56,-168,2013,6,4115.4,1463.87738,6,4
56,-168,2013,7,40291,11223.5199675523,15,127
56,-168,2013,8,15830.8,2995.4397238594997,4,220
56,-168,2014,3,18519,15833.6862588493,502,76
56,-168,2014,4,12573,7738.7782067136,140,72
56,-168,2014,6,4824.8,854.659089659,0,78
56,-168,2014,7,46935,17180.3288380149,19,4944
56,-168,2014,8,9138.4,3120.1608385426,15,752
56,-168,2014,9,7993.6,2095.4090320751,35,1136
56,-168,2015,2,1660,1122.959537593,49,9
56,-168,2015,3,15769,12051.875562133,719,158
56,-168,2015,4,3756,2763.5219468478,96,59
56,-168,2015,6,72685.4,24248.5671100952,66,485
56,-168,2015,7,21558,6837.57504,38,1571
56,-168,2015,9,7173,1045.73529,19,1016
56,-168,2016,4,4508,2933.2748089893,206,22
56,-168,2016,7,2539.8,1074.29708,10,498
56,-168,2016,8,46317.6,24911.1061,227,28558
56,-168,2016,9,28881.6,12030.68028,328,5187
56,-168,2017,3,714.8,683.2262285247,67,2
56,-168,2017,6,46882,23493.0294176858,92,569
56,-168,2017,7,67001.4,39720.30472,314,95051
56,-168,2017,8,39807.4,17462.5197538828,151,6369
56,-168,2018,4,1632,2994.0788661873,46,2
56,-168,2018,6,5228.4,1831.98407,20,5918
56,-168,2018,7,31395.2,9426.9912583575,44,9866
56,-168,2018,9,1600.8,657.1989,3,1196
56,-168,2019,6,6156.6,2238.54998,12,72
56,-168,2019,8,4831.2,1247.30979,7,10898
56,-168,2019,9,10234.8,2680.98741,76,856
56,-168,2019,10,4470.6,2058.25942,179,382
56,-167,2011,1,8530,1283.7462393563,6,0
56,-167,2011,2,5965.2,2184.02073,82,0
56,-167,2011,3,3612,1324.6316948111,20,2
56,-167,2011,4,5565,999.1360780612,1,0
56,-167,2011,8,7784.6,1104.1633150361,2,269
56,-167,2011,9,9251.4,525.3363554938,5,2261
56,-167,2011,10,2724.6,275.31618,22,166
56,-167,2012,2,13259.2,6095.2579424454,8,0
56,-167,2012,3,26455,11804.0158275303,65,0
56,-167,2012,6,24596.4,5792.11591,24,30
56,-167,2012,7,38197.2,7043.46835,2,52
56,-167,2012,8,49422.8,6491.076136445,2,23
56,-167,2013,1,10687.6,4463.6898939512,59,2
56,-167,2013,2,33127.2,6143.6342678694,149,1
56,-167,2013,3,27014.2,9470.7574958417,259,8
56,-167,2013,6,6792.4,1017.1163642810001,2,15
56,-167,2013,7,58845,10141.6463883306,7,540
56,-167,2013,8,20657.2,4020.0724209202,4,241
56,-167,2014,3,3958,4569.6142790371005,235,5
56,-167,2014,7,3993.2,1272.9014152895,4,59
56,-167,2014,8,3640,773.3300852049,2,652
56,-167,2015,6,11936,2311.0549395182998,2,80
56,-167,2016,6,8244,4019.12653,9,3836
56,-167,2016,7,13664.4,5701.58471,31,7101
56,-167,2017,4,1300.2,418.36848000000003,38,3
56,-167,2017,6,83570.4,36327.455555294,574,698
56,-167,2017,7,30751.2,12431.49077,80,15640
56,-167,2018,3,921,736.12946,47,1
56,-167,2018,6,6592.8,3001.29327,12,7365
56,-167,2018,7,14275.6,3385.562795203,20,4616
56,-167,2019,3,627.6,716.95087,23,0
56,-167,2019,9,1342.8,57.67582,7,28
56,-166,2011,1,2023.2,494.51445,1,0
56,-166,2011,2,30993.6,16989.5971900847,338,0
56,-166,2011,3,3213,357.4658,0,0
56,-166,2011,8,5304.6,631.5390201476,0,2102
56,-166,2011,9,9796.8,967.19634,50,1916
56,-166,2012,2,12878.2,2585.8956977693,26,0
56,-166,2012,3,20236,12256.0404362204,30,0
56,-166,2012,6,12857,1570.5918057152,8,4
56,-166,2012,7,47727.2,6699.3736723219,1,199
56,-166,2012,8,59664.2,7932.2466177047,9,58
56,-166,2013,1,40571.4,8791.07238,152,2
56,-166,2013,2,20924,3162.4765266175,82,2
56,-166,2013,3,15317,5542.3085972607,95,2
56,-166,2013,6,16182.4,2973.4461931416,5,198
56,-166,2013,7,75926.8,16510.1260856351,7,1598
56,-166,2013,8,13328,1331.141202416,3,909
56,-166,2014,2,37974.6,22092.2700857137,283,18
56,-166,2014,3,14730.4,10121.7276770302,43,5
56,-166,2014,7,16430.4,3476.2377872923003,1,4278
56,-166,2014,8,2545.2,475.18471968679995,1,66
56,-166,2016,2,11103.8,5014.9254821579,177,11
56,-166,2016,6,16077.2,7698.8854840325,17,4894
56,-166,2016,7,16075.8,7035.5168427464,24,16619
56,-166,2017,2,16484.2,10242.093037867,547,24
56,-166,2017,3,5639.8,2588.2402708521,113,5
56,-166,2017,6,33534.6,13311.4617385456,185,801
56,-166,2017,7,4439.4,1429.31444,1,6938
56,-166,2017,9,3588.6,1370.08996,4,143
56,-166,2018,1,290.4,450.73457,48,0
56,-166,2018,3,2276.4,1042.6594,19,0
56,-166,2018,6,23870.2,4487.9023019152,23,7576
56,-166,2019,3,7476,9806.3251999083,222,19
56,-165,2011,1,24787.2,7043.7512881949,132,0
56,-165,2011,2,63945.4,26677.0976108188,195,0
56,-165,2011,3,29211,5604.56087,13,0
56,-165,2011,6,14569,3307.6460053121,14,5022
56,-165,2011,8,56541.8,6564.8446308134,4,4051
56,-165,2011,9,17990.2,2425.4514191553,34,1232
56,-165,2011,10,12669.6,687.74126,52,138
56,-165,2012,1,19422,3840.66121,23,0
56,-165,2012,2,18276,3700.51169,25,0
56,-165,2012,3,5122.2,1108.42546,5,0
56,-165,2012,6,7124.4,1087.6738753728,1,3
56,-165,2012,7,54471.8,8788.0187856702,8,323
56,-165,2012,8,18892,2177.891105903,0,19
56,-165,2013,1,13918.4,2589.5100196725,148,1
56,-165,2013,2,48164.2,7564.5879752204,122,1
56,-165,2013,6,53547.4,10135.739999914,10,75
56,-165,2013,7,6800,1018.8600886782,0,51
56,-165,2013,8,12862,2145.7881059166,10,1523
56,-165,2014,1,2279.4,1295.67863,42,0
56,-165,2014,2,84082,40419.8693940906,638,13
56,-165,2014,3,53417.6,29077.7880363803,431,19
56,-165,2014,7,14111.4,2581.7237078471,9,203
56,-165,2015,1,3781.8,704.96747,36,22
56,-165,2016,1,2622.4,2978.3829951954,56,3
56,-165,2016,2,11425.8,7990.4935543784,372,16
56,-165,2016,6,28831.4,13674.0433314764,42,1755
56,-165,2016,7,14444.4,8735.42711,10,2748
56,-165,2017,2,14502.2,8224.0863125459,613,12
56,-165,2017,3,20859,12745.2245142976,583,15
56,-165,2017,6,17812.8,5407.4471000014,53,650
56,-165,2017,7,9460.8,2142.32879,5,624
56,-165,2018,1,5166,4089.07635,140,6
56,-165,2018,2,1501.2,1456.09952,113,2
56,-165,2018,3,8003.4,5653.26287,42,0
56,-165,2018,6,8046.2,2265.2844265164,13,2873
56,-165,2018,7,5209,2114.2595806660997,13,3710
56,-165,2019,2,3759,906.31248,61,1
56,-165,2019,3,4773.8,5142.3284734069,124,4
56,-164,2011,1,10760.6,2983.5333467046,29,0
56,-164,2011,2,99441,32833.8821253057,268,2
56,-164,2011,3,31542,8446.6392176805,25,0
56,-164,2011,6,21362.4,2074.60266,4,329
56,-164,2011,8,21471.2,4092.4622893956,4,3148
56,-164,2011,9,12960,1781.2728859255,23,3712
56,-164,2011,10,3140.4,194.65566,15,51
56,-164,2012,1,443.4,183.57657,0,0
56,-164,2012,2,13809.6,3099.9128601047,0,0
56,-164,2012,3,74036.8,28161.6315615296,33,0
56,-164,2012,4,15558,5004.8597390968,4,0
56,-164,2012,7,37485,6124.5322315743,2,354
56,-164,2013,1,30972.8,5402.7587911931,47,4
56,-164,2013,2,69253.2,14033.2688400115,159,0
56,-164,2013,3,33195.6,7810.2399539529,22,0
56,-164,2013,6,1120.8,244.26436999999999,0,0
56,-164,2013,8,14826,3823.4645768657,14,1550
56,-164,2014,1,24111.8,11859.0570741832,337,2
56,-164,2014,2,170852.4,60909.1691590206,946,6
56,-164,2014,3,54502.2,33402.7260346746,339,12
56,-164,2014,6,14559,2786.89181,5,45
56,-164,2014,7,2350.2,329.10163737569997,0,31
56,-164,2015,1,11777.4,3844.39558,73,55
56,-164,2015,2,20684.8,10594.7796393502,705,409
56,-164,2016,1,23200.4,15076.7609273053,363,10
56,-164,2016,2,46887.4,32342.1539918603,880,11
56,-164,2016,6,38786.8,23545.1444950582,57,2322
56,-164,2016,7,19988.4,12052.39585,8,1524
56,-164,2017,1,15618.6,9641.1855684993,606,9
56,-164,2017,2,81828.6,55882.8906538549,2409,57
56,-164,2017,3,23107.2,16549.47181,486,4
56,-164,2017,4,3517.8,1820.85292,28,0
56,-164,2017,6,2849.4,1020.7097446119,12,36
56,-164,2018,1,35398,26919.8136614572,243,5
56,-164,2018,2,37239.6,38219.478627899,634,13
56,-164,2018,3,46893.6,31292.2789855219,242,2
56,-164,2019,1,28970.4,23199.7802862227,1240,19
56,-164,2019,2,62715,42731.96859,1131,25
56,-164,2019,3,36510.2,33014.1070221654,848,17
56,-163,2011,1,4698,814.9780294335,11,0
56,-163,2011,3,2750.4,642.6285198054,3,0
56,-163,2011,7,1869.2,213.4295811004,0,50
56,-163,2011,8,11494,1531.1264461065,4,604
56,-163,2012,2,9073,1576.1235091801,2,0
56,-163,2012,3,6478.2,2222.427352503,1,0
56,-163,2012,8,2556.8,140.3050826766,0,2
56,-163,2012,9,3506,760.4385364571,5,1
56,-163,2013,7,2800,704.5682034672,1,33
56,-163,2014,1,12559,4110.9307825187,195,2
56,-163,2014,2,84740.4,30451.0349094727,560,1
56,-163,2014,3,14516.2,9625.7591030591,155,0
56,-163,2014,8,4020,768.9937421477,0,13
56,-163,2015,1,29267.4,10481.7790116525,298,69
56,-163,2015,2,21186,11410.5723672074,419,73
56,-163,2016,1,19297.8,9599.2582857716,256,10
56,-163,2016,2,43856.2,25693.6561022932,553,12
56,-163,2016,3,18073.8,8920.7889295647,170,6
56,-163,2016,6,23356,14740.2769252114,19,333
56,-163,2016,7,26638.8,14003.35007,20,1295
56,-163,2017,1,41138.2,19443.5512906327,588,13
56,-163,2017,2,110153.4,59047.8469513923,2250,29
56,-163,2017,3,31762.2,30614.3417261634,744,4
56,-163,2017,4,16546.6,5044.4200907066,42,0
56,-163,2018,1,11349.8,8116.7470804657,82,2
56,-163,2018,2,70380,64649.682719392,691,8
56,-163,2018,3,79507,73456.9157410389,221,4
56,-163,2018,6,23417.4,2576.11369,2,22
56,-163,2019,1,20985.8,11836.2344297515,403,17
56,-163,2019,2,151273.6,105617.0064078421,1746,44
56,-163,2019,3,63297,65073.1518305311,746,37
56,-163,2019,4,938,661.7889998678,7,0
56,-163,2019,6,40393.2,3821.7095213717,8,1630
56,-162,2011,6,10655,2492.6533664016,1,410
56,-162,2011,8,8871,1167.9751783725999,1,713
56,-162,2011,9,3564,194.0245898597,3,4
56,-162,2012,3,24000,11854.0013338289,5,0
56,-162,2013,4,2967,2236.0883677511,6,0
56,-162,2013,7,13229,1963.2666185596,0,655
56,-162,2014,2,5843.2,1711.8426790836,18,0
56,-162,2014,3,1660,831.3930837114,5,0
56,-162,2015,2,7458,4096.274305859,269,197
56,-162,2015,3,5787,2194.0820855501997,80,2
56,-162,2016,1,7202,5141.440030443,91,2
56,-162,2016,2,11314.8,8768.3879441914,214,6
56,-162,2016,3,12319,5519.8483223823005,183,19
56,-162,2017,1,22982,9696.2740193293,76,2
56,-162,2017,2,26357.2,16879.8608382316,493,2
56,-162,2017,3,14887.6,14106.4043777188,317,2
56,-162,2017,4,3580,2589.2073062418,21,0
56,-162,2018,1,6309,4887.7796105337,33,0
56,-162,2018,2,29617.2,27293.8787543631,261,6
56,-162,2018,3,16130,15918.0679806013,95,1
56,-162,2018,6,5704.8,366.03563,0,0
56,-162,2019,1,4334,3937.4464427456,179,1
56,-162,2019,2,10507.6,10681.7334170234,116,2
56,-162,2019,3,10958,14552.854616486,153,0
56,-162,2019,4,12248,13777.5470953449,265,11
56,-162,2019,6,7145.8,942.3958887522,9,1299
56,-161,2016,2,26986,11536.3018359388,243,2
56,-161,2016,3,15473,11618.3875399522,195,2
56,-161,2017,1,4664,2608.1810750786,18,0
56,-161,2017,2,3924,2180.0243508193,27,2
56,-161,2017,3,4538,4126.9537061924,82,0
56,-161,2018,2,6386,6266.1236726349,15,0
56,-161,2018,3,8108,6233.7539603342,11,0
56,-161,2019,2,24584,22464.5390594963,139,8
57,-174,2014,6,703.8,243.50497000000001,0,13
57,-173,2011,2,3276.6,870.3663,6,0
57,-173,2011,6,10912.2,2274.70367,2,80
57,-173,2012,2,7704,4693.19528,39,0
57,-173,2012,6,27897,11851.67996,2,19
57,-173,2012,7,25320,16349.14561,0,67
57,-173,2013,6,14598,10082.31102,1,25
57,-173,2014,6,9001.8,4184.57781,1,261
57,-173,2014,7,1050,134.41003999999998,1,21
57,-173,2014,8,15225,6898.78161,26,5410
57,-173,2014,9,9673.2,3139.17829,16,1005
57,-173,2015,2,1881.6,971.67074,11,10
57,-173,2015,3,1429.8,716.01349,5,3
57,-173,2015,6,5558.4,3550.30898,15,475
57,-173,2015,7,4513.8,2022.11115,13,221
57,-173,2015,8,3079.8,1076.96678,18,111
57,-173,2016,8,16170.6,10344.64027,90,4506
57,-173,2017,7,13395.6,8767.64908,21,15587
57,-173,2017,8,8118.6,4865.74938,47,141
57,-173,2018,7,14598.6,4375.16905,11,3099
57,-173,2018,8,5166,1584.85894,15,6133
57,-173,2019,7,15013.2,3481.9998100000003,1,68
57,-173,2019,8,3611.4,1055.93521,7,257
57,-172,2011,2,10909.2,2390.04557,18,0
57,-172,2011,3,7440,4047.27068,13,2
57,-172,2011,4,1234.8,557.95873,3,0
57,-172,2011,6,31273.8,9297.45189,4,131
57,-172,2011,7,43054.2,5862.4176,5,761
57,-172,2012,2,41349,22928.581670070602,111,1
57,-172,2012,3,2814,2165.46387,3,0
57,-172,2012,6,22541.6,4818.6845066345995,3,1
57,-172,2012,7,12049.2,4417.6172611987,1,128
57,-172,2012,8,1900.2,507.23446,2,0
57,-172,2013,3,3093,2173.65973,10,0
57,-172,2013,6,40993.2,25999.7882956685,9,631
57,-172,2013,7,21584.8,8595.4853673686,3,143
57,-172,2013,8,2686.8,386.54332,0,5
57,-172,2014,3,9709.8,4091.58823,27,3
57,-172,2014,6,1201.8,186.19376,0,16
57,-172,2014,7,4023.6,2099.76096,3,96
57,-172,2014,8,11763.6,4506.81464,17,708
57,-172,2015,2,43807.8,22652.9139035046,197,80
57,-172,2015,3,43671,20714.9358,48,26
57,-172,2015,6,10151.4,4281.40685,9,177
57,-172,2015,7,21966.6,10444.58844,21,782
57,-172,2015,8,32127,11474.54962,159,3566
57,-172,2016,2,2298.6,1304.28961,12,0
57,-172,2016,3,4966.8,3514.82802,54,8
57,-172,2016,6,9427.2,5351.07893,4,4220
57,-172,2016,7,5434.2,4649.04584,14,212
57,-172,2016,8,28241.4,11632.34095,126,2286
57,-172,2017,3,5731.8,1677.98689,28,6
57,-172,2017,6,8262,4507.83252,0,17
57,-172,2017,7,15997.8,9118.95879,9,3030
57,-172,2017,8,14007.6,5038.99664,12,89
57,-172,2018,7,25246.2,7268.33297,11,5128
57,-172,2018,8,13246.2,4341.84268,32,143
57,-172,2018,9,1072.8,197.15917,0,88
57,-172,2019,7,67626,16585.05453,38,1859
57,-172,2019,8,7942.2,2215.96072,6,4537
57,-171,2011,2,15199.8,4219.94395,33,1
57,-171,2011,3,60009.8,29091.4007782993,138,10
57,-171,2011,4,5587.2,2473.77454,13,0
57,-171,2011,6,4081.8,953.0566,3,33
57,-171,2011,7,59744.2,12177.5075172264,6,3440
57,-171,2011,8,15116.6,1750.6148293618999,9,180
57,-171,2011,9,14922.6,1112.86615,1,192
57,-171,2011,10,9205.8,603.19414,66,72
57,-171,2012,2,50783,29707.6487793824,36,0
57,-171,2012,3,9862.6,6133.629295083,23,0
57,-171,2012,6,36291.2,7801.6443032527995,1,29
57,-171,2012,7,21720.6,8493.9930156961,0,37
57,-171,2012,8,8440.2,1857.78534,0,7
57,-171,2013,2,1583.3999999999999,1007.15809,0,0
57,-171,2013,3,10412.6,9030.7737059779,28,1
57,-171,2013,6,17549,10656.2299768479,0,1023
57,-171,2013,7,19916.2,4181.5011530281,0,123
57,-171,2013,8,3228.6,1314.30647,0,12
57,-171,2014,3,22044.6,13828.36781,27,3
57,-171,2014,7,3076.8,1107.04654,8,184
57,-171,2014,8,36754.4,7892.4008898209995,40,1872
57,-171,2014,9,24114,3815.747,57,420
57,-171,2015,1,12066.8,6069.7810938862,89,10
57,-171,2015,2,49543,31628.6091801374,319,160
57,-171,2015,3,122444,58795.0181284952,365,175
57,-171,2015,4,4467,1420.076147714,5,0
57,-171,2015,7,37015.8,12357.55358,29,1812
57,-171,2015,8,44546.4,9575.30688,93,3652
57,-171,2015,9,11104.2,2340.17346,40,1486
57,-171,2016,2,23418.6,13646.743257874,121,26
57,-171,2016,3,41331,23130.60748,431,44
57,-171,2016,4,6917.4,3415.09935,21,8
57,-171,2016,6,13573.2,6952.75742,7,7895
57,-171,2016,7,2310.6,1140.25275,2,51
57,-171,2016,8,2439,787.63958,9,565
57,-171,2017,3,31165.8,15804.12893,506,60
57,-171,2017,7,1837.2,754.26756,3,309
57,-171,2018,7,37404.6,8436.30701,14,637
57,-171,2019,7,17478.6,3888.1745927179,4,457
57,-170,2011,2,13462.2,4215.3663799791,26,0
57,-170,2011,3,40167.6,21106.3174429395,120,3
57,-170,2011,4,5533.8,3477.18453,2,0
57,-170,2011,7,8077.6,1789.0402459544,2,425
57,-170,2011,8,15671.2,1140.2585867735,4,391
57,-170,2011,9,45025.8,3852.58963,22,420
57,-170,2011,10,33562.8,2976.47736,51,62
57,-170,2011,11,2911.2,282.13873,5,0
57,-170,2012,2,15711,7820.4382769487,17,0
57,-170,2012,3,4746,2978.3018795692,2,0
57,-170,2012,6,5085,1142.4669578534,0,0
57,-170,2012,7,3117,942.304585199,0,3
57,-170,2012,8,3994.8,966.27738,1,21
57,-170,2013,2,24170.4,22916.2616150303,25,0
57,-170,2013,3,19863.6,14704.2472528067,21,0
57,-170,2013,4,880.2,763.57702,0,0
57,-170,2013,6,4059.4,2055.7825989739,2,8
57,-170,2013,7,6249,3107.8069471366,2,6
57,-170,2013,9,21020,6728.5107450962,19,8992
57,-170,2014,1,5333.4,3857.8962025823,20,0
57,-170,2014,2,4816,3634.0144660571996,11,0
57,-170,2014,3,15557.4,10548.70251,24,2
57,-170,2014,7,3195,1075.5462759248999,0,31
57,-170,2014,8,26188.8,7591.9763042937,4,1029
57,-170,2014,9,22597.2,4351.27111,15,923
57,-170,2015,1,8609.2,7713.5202398095,83,27
57,-170,2015,2,46414.8,29079.3452597964,392,201
57,-170,2015,3,33497.2,20308.8360619724,127,82
57,-170,2015,4,3196,1099.4766070056999,16,9
57,-170,2015,7,8073.6,2116.89709,9,884
57,-170,2015,8,20899.8,3503.91005,29,1620
57,-170,2015,9,4584,777.77358,18,390
57,-170,2016,2,6930.6,3317.4667399667,98,12
57,-170,2016,3,39220,20093.3922226129,711,68
57,-170,2016,4,7222.4,2711.4832621403,78,22
57,-170,2016,8,1915.8,558.0280300000001,6,73
57,-170,2017,3,4783.8,3364.61176,58,9
57,-170,2018,8,9287,1277.171752092,4,806
57,-169,2011,1,4912.8,1570.85524,13,0
57,-169,2011,2,57807.6,16152.91721,85,1
57,-169,2011,3,23493.4,9873.467585618,52,1
57,-169,2011,7,13250.8,2594.8850566492,0,313
57,-169,2011,8,6630,1429.80176,1,9
57,-169,2011,9,30348.6,3711.78794,14,50
57,-169,2011,10,73861.2,8381.37385,55,263
57,-169,2012,2,30921,16004.7385908083,24,0
57,-169,2012,3,7989,1963.16271,0,0
57,-169,2012,6,7845.6,1975.44701,3,19
57,-169,2012,7,3682.6,641.1180485058001,0,0
57,-169,2013,1,5220.6,3345.89221,15,0
57,-169,2013,2,51694.6,20914.7795399665,99,3
57,-169,2013,3,47005.4,26543.353576485,40,8
57,-169,2013,4,6039,1969.7445,3,2
57,-169,2013,6,3192,1318.3049884343,0,0
57,-169,2013,9,6839,1905.7710641083,6,4626
57,-169,2014,1,5641.8,2471.4101039231,21,2
57,-169,2014,2,2926.8,1495.7353859338,7,1
57,-169,2014,3,19206.4,12673.983791712,296,15
57,-169,2014,7,6819.6,2131.65631,1,40
57,-169,2014,8,7734.8,2250.8560024412,3,570
57,-169,2014,9,24751.2,4928.29699,4,382
57,-169,2015,1,4946.2,3625.211350795,76,25
57,-169,2015,2,47865.6,21476.2929807976,445,159
57,-169,2015,3,34625.6,15646.3630732756,376,46
57,-169,2015,4,2872,908.9546574272,12,6
57,-169,2016,2,20481,5836.78556,256,23
57,-169,2016,3,15093.2,6764.2107726471,381,46
57,-169,2016,8,1255.8,640.47993,16,220
57,-169,2017,3,15313.8,9087.31591,266,12
57,-169,2017,4,22749.6,7853.6489,119,3
57,-169,2017,6,6063,1756.66198,1,6
57,-169,2018,3,4044.6,3833.35856,96,4
57,-169,2018,4,75.6,204.38912,4,0
57,-169,2018,7,1608,659.10482,1,23
57,-169,2018,9,2560.8,441.1359,7,2906
57,-169,2019,3,3360,4089.28241,36,8
57,-168,2011,1,13950,4696.47366,18,0
57,-168,2011,2,12637.8,3201.50534,12,0
57,-168,2011,3,13812.8,4331.8482904305,7,1
57,-168,2011,7,42161,5422.3410101307,1,332
57,-168,2011,8,19365.2,2494.1861566959,2,16
57,-168,2011,9,33007.2,4657.6091,22,140
57,-168,2011,10,75522.6,9234.19582,73,846
57,-168,2012,2,18105.2,8527.9297765639,9,0
57,-168,2012,3,7304.4,5408.5753,4,0
57,-168,2012,6,16977.6,5085.85288,2,30
57,-168,2012,7,7306.8,1337.52942,0,2
57,-168,2012,8,24617.6,3937.3535521677,0,4
57,-168,2012,9,8978.4,1074.41992,2,5
57,-168,2013,1,6424.6,2406.3429240356,11,0
57,-168,2013,2,95579,42106.2745275251,162,4
57,-168,2013,3,65508,18756.2925997071,50,12
57,-168,2013,4,5842.8,1620.4642907141,7,5
57,-168,2013,6,14191.2,2456.53307284,0,6
57,-168,2013,7,15818.2,3013.4631809722,0,29
57,-168,2013,8,5794.6,379.31520388520005,2,308
57,-168,2014,3,21019,12078.8903937661,365,34
57,-168,2014,7,1758.6,112.93350000000001,2,14
57,-168,2014,8,25333.8,2864.3476583906,0,932
57,-168,2014,9,28781.4,4589.3526,17,403
57,-168,2015,1,1615.2,759.82579,18,11
57,-168,2015,2,28177.8,12163.7227210125,197,52
57,-168,2015,3,35941.2,15815.1503229266,250,22
57,-168,2015,7,19843.2,6145.26067,16,216
57,-168,2016,1,7942.2,3874.2042287569,67,6
57,-168,2016,2,93270.4,32707.6743940692,635,31
57,-168,2016,3,41426.8,21942.8883317457,408,34
57,-168,2016,7,33249.6,14232.85191,35,2298
57,-168,2016,8,9058.8,2638.42429,31,586
57,-168,2017,2,4059.6,1989.64584,102,3
57,-168,2017,3,15273.6,9564.8247278355,230,8
57,-168,2017,4,4636.8,3170.21825,23,0
57,-168,2017,6,7320.6,2423.5318,4,15
57,-168,2018,3,4578.8,4763.0476574526,169,8
57,-168,2018,7,24486.4,8520.3824977162,2,763
57,-168,2019,3,8151.2,7379.9036409917,214,96
57,-168,2019,6,7430.4,2112.09739,2,27
57,-167,2011,1,3721.2,834.00587,1,0
57,-167,2011,2,6845,1951.5453381267,4,0
57,-167,2011,3,4606,1180.4074648459,19,1
57,-167,2011,7,45633,11242.6642588011,8,1146
57,-167,2011,8,7278,1162.50926,1,20
57,-167,2011,9,8263.2,737.63694,3,43
57,-167,2011,10,20605.8,3022.1651699999998,26,135
57,-167,2012,2,6829.8,1380.9764008897,1,0
57,-167,2012,6,1961.4,622.71895,0,2
57,-167,2012,8,25402.6,4394.231175103,0,2
57,-167,2013,1,4860.4,2335.5254471516,12,0
57,-167,2013,2,4657.8,2547.6170299023,9,0
57,-167,2013,3,9193,3428.4830906677,9,0
57,-167,2013,4,6186,1448.6123240994,8,2
57,-167,2013,6,13162.8,1256.49181,0,23
57,-167,2013,7,8311.8,1458.95659,0,11
57,-167,2014,3,15434.8,10877.9363524225,169,15
57,-167,2015,1,205.2,59.0876,1,2
57,-167,2015,2,18990.2,10688.6682409619,178,55
57,-167,2015,3,42763,27935.5724601602,748,62
57,-167,2016,1,4706,2625.7514291233,100,6
57,-167,2016,2,63379,23413.5732222416,407,29
57,-167,2016,3,27546.2,10859.4516426698,420,35
57,-167,2016,6,4314.6,2445.49962,4,397
57,-167,2016,7,32071.8,14897.42577,24,2114
57,-167,2017,2,9070.2,4646.6532186488,192,7
57,-167,2017,3,8361.2,7602.0396738036,144,10
57,-167,2017,6,2467.8,760.07368,3,2
57,-167,2018,3,2799.4,3482.9925217801997,54,13
57,-167,2018,7,5085.6,2292.1232,0,206
57,-167,2019,3,11026.6,11776.0108239938,208,19
57,-166,2013,10,16807,2181.1823721397,13,2
57,-166,2014,3,8519.2,5647.9369141464995,12,2
57,-166,2016,2,13756.2,5040.8222624689,78,10
57,-166,2016,3,13576.6,5720.8791486157,124,7
57,-166,2017,2,3648.4,1920.0304895722,69,3
57,-166,2017,3,1344,2155.3285142345,34,0
57,-166,2017,9,4062.6,917.41782,1,41
57,-166,2018,7,5026,1738.2675665297002,0,336
57,-166,2019,3,1665.8,2837.685843142,28,7
57,-165,2014,2,2866,1819.2048233855,1,0
57,-165,2014,3,4390.8,1848.2927997575,17,2
57,-165,2016,3,1674,262.02628,4,0
57,-165,2019,3,1961,2039.5839884047,31,1
57,-164,2015,2,3820.2,3178.90159,54,15
57,-164,2016,6,1024.8,434.75252,0,0
57,-164,2017,1,945.5999999999999,463.95455,22,1
57,-164,2017,2,8779.2,5085.89028,206,4
57,-164,2018,3,16075.2,6295.562,40,0
57,-164,2019,2,7834.2,3210.17419,74,3
57,-163,2014,2,5764.2,2126.19172,1,0
57,-163,2015,1,9493.8,5154.8725,107,13
57,-163,2015,2,5292,3534.68046,112,21
57,-163,2016,3,2158.8,918.9296899999999,10,0
57,-163,2017,1,3298.2,2210.64079,125,3
57,-163,2017,2,6584.2,1674.0075312916001,63,1
57,-163,2018,2,2558.4,3946.75678,42,0
57,-163,2018,3,5822.4,4759.7721,42,0
57,-163,2019,2,6555,4118.01982,86,3
57,-163,2019,6,2586,291.49811,0,6
57,-162,2015,1,2950,914.7211047835,15,2
57,-162,2017,2,2570.2,805.1661137067999,48,1
57,-162,2018,2,682.8,708.69524,5,0
57,-162,2018,3,2400,1474.0649795535,5,0
58,-174,2011,6,35545.2,16304.21237,10,2186
58,-174,2011,7,41283.6,20385.60183,6,3067
58,-174,2011,8,26871,6672.82529,2,1504
58,-174,2012,6,29008.8,21034.08561,0,49
58,-174,2012,7,40842,19505.3005004305,1,68
58,-174,2012,8,61983,15519.107876365,4,84
58,-174,2012,9,1783.2,248.09173,1,0
58,-174,2013,6,9303,5814.63653,0,77
58,-174,2013,7,8730,6005.79149,0,33
58,-174,2013,8,18873,7039.66915,39,83
58,-174,2014,6,19002,8851.32621,0,409
58,-174,2014,7,14256.6,5061.79378,2,356
58,-174,2014,8,36169.2,7903.0920691844,20,4037
58,-174,2015,6,4406.4,3242.30921,8,1026
58,-174,2015,7,29127.6,16375.51829,40,2085
58,-174,2015,8,6777.6,2445.12038,29,140
58,-174,2016,6,2596.2,1733.6165600000002,3,466
58,-174,2016,8,2229.6,1585.86635,14,1379
58,-174,2017,3,10802.4,3954.02999,244,114
58,-174,2017,7,9478.8,7302.72061,78,8378
58,-174,2017,8,6585,3387.1432,26,2383
58,-174,2018,7,18500.4,12263.83977,18,211
58,-174,2018,8,11865.6,5970.73198,26,180
58,-174,2019,6,13822.6,6387.2100056743,15,36
58,-174,2019,7,12325.8,3240.72126,6,13
58,-173,2011,2,1059,470.62953,0,0
58,-173,2011,3,6444,985.1397900000001,2,0
58,-173,2011,6,19287.6,5362.20662,0,387
58,-173,2011,7,75185.2,25484.6508122128,23,1171
58,-173,2011,8,58339,16043.8033186708,121,572
58,-173,2012,6,22765.2,9985.0953156843,1,12
58,-173,2012,7,58641,26179.8639026354,2,149
58,-173,2012,8,48598.8,15013.5170709248,5,34
58,-173,2013,6,34058.6,20972.2682006812,0,168
58,-173,2013,7,18311.4,7220.66009,2,49
58,-173,2013,8,24861,9748.96757,3,135
58,-173,2014,6,3665.4,759.6111,0,16
58,-173,2014,7,37233.6,17113.66609,6,320
58,-173,2014,8,122757.6,33347.880574391,55,7404
58,-173,2014,9,9237,2265.14522,42,842
58,-173,2015,2,18528,7318.22354,43,27
58,-173,2015,3,1408.8,1270.41158,3,0
58,-173,2015,6,3982.2,956.76626,2,653
58,-173,2015,7,47323.8,25152.203700000002,91,1828
58,-173,2015,8,23474.4,7580.44333,97,511
58,-173,2016,2,1334.4,687.0321,35,2
58,-173,2016,7,1575.6,909.35308,2,256
58,-173,2017,3,17862,5752.76305,124,12
58,-173,2017,7,6571.8,3319.28009,15,438
58,-173,2018,7,31494.6,16225.37474,9,143
58,-173,2018,8,1813.2,453.79192,19,11
58,-173,2018,9,13542.6,1768.90536,55,204
58,-173,2019,7,8745.6,2341.48691,3,7
58,-172,2011,6,184.8,4.51962,0,0
58,-172,2011,7,49658.8,16140.4586433731,10,2368
58,-172,2011,8,21757.2,3710.4698981251,9,68
58,-172,2012,6,16966,5154.1673191682,0,1
58,-172,2012,7,13473,7431.265973591,0,3
58,-172,2012,8,18095.2,5270.1744034584,3,8
58,-172,2013,6,20854.6,11078.3336225356,2,25
58,-172,2013,7,26357.6,11065.3131106094,3,55
58,-172,2013,8,49738.2,8386.08604,5,178
58,-172,2013,9,15036,1597.45413,15,94
58,-172,2014,6,4181.4,220.90604,0,14
58,-172,2014,7,84950.4,24913.2948,3,1697
58,-172,2014,8,5420.4,1598.49561,9,235
58,-172,2015,2,27208.2,7904.27643,34,8
58,-172,2015,3,6936.6,2378.56804,1,1
58,-172,2015,7,11513.4,4109.16384,10,392
58,-172,2015,8,2314.8,939.34666,25,208
58,-172,2016,2,6646.2,2251.97091,23,0
58,-172,2016,6,1357.8,1031.00864,3,130
58,-172,2017,3,7699.8,3898.06949,76,10
58,-172,2018,7,10619.8,4204.6544771858,0,33
58,-172,2018,9,7686.5999999999995,820.8700699999999,29,106
58,-171,2011,7,35105.6,10509.4890987294,8,1468
58,-171,2011,8,7582.2,585.4377000000001,0,9
58,-171,2012,7,2583,1248.550646591,0,2
58,-171,2012,8,6447.6,2070.2997646746,0,0
58,-171,2013,6,3162,2928.2152515414,0,1
58,-171,2013,7,7560,4046.311106304,0,9
58,-171,2014,7,58719.6,15181.87951,8,292
58,-171,2015,3,395.4,310.00316,0,0
58,-171,2015,7,18103.2,3872.59784,9,428
58,-171,2017,3,1649.4,832.12289,25,1
58,-170,2011,7,8719,3563.2751483827,3,210
58,-170,2013,6,2315,1980.8381065849999,0,0
58,-170,2013,7,4806,3416.8217387152,2,11
58,-170,2015,9,3115.2,261.24952,13,0
58,-168,2016,3,2283.6,981.42273,20,0
59,-178,2011,8,6336.6,1029.73989,2,1343
59,-178,2012,9,2886,398.85219,1,1
59,-178,2013,10,15750,7541.20101,117,438
59,-178,2014,6,10669.2,6601.46486,0,3
59,-178,2014,7,3474,1115.46669,0,0
59,-178,2015,7,6267.6,2982.44254,4,9
59,-178,2015,9,5839.8,1682.22314,23,57
59,-178,2017,9,7701.6,3218.31531,9,85
59,-178,2018,8,6570,2514.81669,25,24
59,-178,2018,9,4735.8,1531.43554,8,12
59,-178,2019,7,3471.6,1954.85905,1,4
59,-178,2019,8,11743.2,4051.15637,8,59
59,-178,2019,9,646.8,62.83509,1,5
59,-177,2011,7,21567.6,7366.35479,0,26
59,-177,2011,8,1509.6,152.64339,1,26
59,-177,2011,9,9445.2,1229.72524,12,59
59,-177,2012,7,13096.8,5066.24283,0,2
59,-177,2012,8,2764.2,810.09072,0,1
59,-177,2013,7,8855.4,6923.00504,0,3
59,-177,2014,6,33043.8,15497.00112,1,125
59,-177,2014,7,33514.8,14539.79856,0,81
59,-177,2014,9,15446.4,5155.49337,22,6364
59,-177,2015,6,26680.8,7765.4671,19,12
59,-177,2015,7,2454.6,1107.0705,2,12
59,-177,2015,8,3309,1546.90043,12,56
59,-177,2017,8,8151.6,3642.18342,9,321
59,-177,2017,9,2596.2000000000003,1325.44243,18,233
59,-177,2018,8,14509.2,8027.7294,53,154
59,-177,2019,7,32538.6,15214.05533,18,164
59,-177,2019,8,46688.4,9887.16658,155,31109
59,-177,2019,9,3571.2,676.84632,87,518
59,-176,2011,7,4375.8,1068.38872,0,7
59,-176,2011,8,16248,1485.24236,0,21
59,-176,2011,9,25885.2,4447.55928,35,90
59,-176,2012,7,12798,5079.66711,0,14
59,-176,2012,8,17529,2479.28145,0,4
59,-176,2013,7,15052.2,13143.85446,0,70
59,-176,2013,8,29845,11700.2120443353,12,711
59,-176,2013,9,12309.4,7862.0524199829,38,489
59,-176,2014,6,54558,19521.38352,2,100
59,-176,2014,7,4086,1143.27176,0,11
59,-176,2014,8,44993.4,20015.67249,16,3968
59,-176,2014,9,10035,3140.1303,25,2253
59,-176,2015,6,22780.8,10664.48749,35,86
59,-176,2015,7,4411.8,1911.83888,0,11
59,-176,2015,8,19273.2,8717.98307,83,518
59,-176,2015,9,55879.2,19063.01928,556,3433
59,-176,2017,8,16284,10376.64037,8,332
59,-176,2017,9,3411,1424.55276,16,729
59,-176,2018,7,7641.6,5376.03819,2,31
59,-176,2018,8,30572.4,13957.06837,17,343
59,-176,2018,9,3472.8,1415.3548,237,1314
59,-176,2019,7,27957,12734.11497,8,75
59,-176,2019,8,21927.6,5127.28194,12,13480
59,-176,2019,9,24301.8,10818.42099,318,3867
59,-175,2011,6,13524,3613.18948,1,190
59,-175,2011,7,8957.4,2975.02241,7,4810
59,-175,2011,8,21061.2,3700.94393,3,32
59,-175,2011,9,4492.8,774.48163,5,15
59,-175,2012,6,6691.8,4590.22928,0,5
59,-175,2012,7,23901.4,9728.3949467441,0,15
59,-175,2013,7,50682.4,28355.6512631937,1,187
59,-175,2013,8,55673.8,23592.270122498,11,428
59,-175,2013,9,21357.6,10517.9037303477,90,129
59,-175,2014,6,15637.2,6634.4243,0,233
59,-175,2014,8,47286.2,17732.6386750484,20,1844
59,-175,2014,9,7387.8,2436.19206,27,1078
59,-175,2015,6,12879.6,7749.00804,18,119
59,-175,2015,7,16826.4,9630.94902,18,130
59,-175,2015,8,73765.2,28973.4522,243,6533
59,-175,2015,9,21531.6,6273.98243,91,878
59,-175,2016,6,5511,2641.25869,5,20
59,-175,2017,8,17374.2,11493.34585,26,446
59,-175,2018,7,44019.6,18484.29251,36,388
59,-175,2018,8,76814.4,23730.2715,55,1036
59,-175,2018,9,13612.8,3561.9484,17,313
59,-175,2019,7,4521,1037.798,0,7
59,-175,2019,8,19041,3482.7144,1,217
59,-175,2019,9,24613.8,9467.37367,230,5038
59,-174,2011,6,27960.6,10055.04702,2,1788
59,-174,2011,7,26914.8,8559.23741,1,935
59,-174,2011,8,69498,12546.23824,20,200
59,-174,2012,6,14801.2,9241.8972137792,2,3
59,-174,2012,7,69280.8,29385.9462779007,1,38
59,-174,2012,8,7699.8,2411.03478,0,0
59,-174,2013,6,620.4,470.71535,0,9
59,-174,2013,7,52510,28837.150310206798,0,169
59,-174,2013,8,85891.2,28087.2892088518,22,130
59,-174,2013,9,20027.2,6847.305978606,46,126
59,-174,2014,6,7344,2475.73011,2,211
59,-174,2014,7,7978.2,3815.28868,1,595
59,-174,2014,8,56842.4,16389.9551613358,21,521
59,-174,2015,6,20578.8,7084.01364,16,444
59,-174,2015,7,31886.4,18099.30273,11,258
59,-174,2015,8,60570.6,25184.5535,140,1119
59,-174,2016,6,5413.2,2987.02886,7,52
59,-174,2017,7,1124.4,1190.90579,8,807
59,-174,2017,8,18440.4,11399.04119,31,1027
59,-174,2018,7,37039.8,21767.7354543733,21,480
59,-174,2018,8,59391.6,27681.58779,63,741
59,-174,2018,9,5224.8,1250.97161,6,66
59,-174,2019,7,1800.6,50.903009999999995,0,0
59,-173,2011,6,200.4,3.9607200000000002,0,0
59,-173,2011,7,8010.4,2409.2892584848,0,43
59,-173,2011,8,12262.8,1482.50123,5,21
59,-173,2012,6,3939.4,2449.9297643336,0,2
59,-173,2012,7,32645.6,10943.0648565109,0,11
59,-173,2012,8,33477,8959.3689884563,3,12
59,-173,2013,6,1091.4,455.80406,0,19
59,-173,2013,7,10669.4,4650.0176307619,0,20
59,-173,2013,8,32412.6,10840.3618244762,1,57
59,-173,2014,7,8428.2,3060.30055,0,128
59,-173,2014,8,17306.2,5245.9810776543,3,64
59,-173,2015,7,1513.8,504.15812,0,12
59,-173,2015,8,14642.4,5263.17981,30,235
59,-173,2018,7,23934.8,13282.2185797362,4,99
59,-173,2018,8,5243.4,3041.77764,0,73
59,-172,2011,8,1858.8,291.39805,1,0
59,-172,2012,6,8263,4778.3395650545,0,1
59,-172,2012,7,7308,3278.3640285498,0,3
59,-172,2012,8,36115.2,15469.528340722,1,7
59,-172,2013,8,3352.8,738.1328205355,0,1
59,-172,2014,7,8764.8,2979.64487,0,6
59,-171,2012,8,3642.6,954.4143340800999,0,1
60,-179,2011,8,2522.4,692.65978,0,19
60,-179,2011,9,16904.4,3153.49231,12,329
60,-179,2019,7,20944.2,13257.25315,7,12
60,-179,2019,8,62515.8,15068.75294,23,548
60,-179,2019,9,18188.4,5193.97167,22,756
60,-178,2011,7,6790.8,2518.6390499999998,1,26
60,-178,2011,8,23497.8,4627.72454,4,121
60,-178,2011,9,36222,5067.88078,191,976
60,-178,2012,8,9016.8,3178.37311,2,5
60,-178,2012,9,40072.2,13849.06958,11,93
60,-178,2014,6,14777.4,5167.96382,0,0
60,-178,2014,7,5142.6,2306.16641,0,6
60,-178,2014,8,3591.6,1102.69202,7,206
60,-178,2014,9,8268.6,3622.75578,3,5111
60,-178,2015,7,3248.4,2277.29832,0,6
60,-178,2015,8,19842,7016.11278,113,69
60,-178,2015,9,12529.8,4438.6548,135,308
60,-178,2016,8,3355.2,858.45056,1,68
60,-178,2017,9,6450,2613.53906,8,2338
60,-178,2018,8,33928.2,10034.10643,28,242
60,-178,2018,9,12958.8,3080.86039,41,180
60,-178,2019,7,54154.8,26224.11136,9,84
60,-178,2019,8,112688.4,30107.62193,57,4138
60,-178,2019,9,11004,2460.19535,38,767
60,-177,2011,7,26539.8,11240.07371,1,30
60,-177,2011,8,40825.8,7138.8449,9,428
60,-177,2011,9,55773.6,8407.70996,98,361
60,-177,2012,7,14974.8,5651.87242,0,4
60,-177,2012,8,10204.8,4045.14658,1,30
60,-177,2012,9,14269.2,5542.12698,2,44
60,-177,2013,7,4420.8,2576.36462,0,6
60,-177,2013,8,7958.4,4288.6205,0,37
60,-177,2013,9,22954.8,11578.34232,26,418
60,-177,2014,6,20308.8,6002.36667,0,42
60,-177,2014,7,14784,5688.68492,0,53
60,-177,2014,8,10140,2511.12845,3,465
60,-177,2014,9,829.8,258.57833999999997,0,150
60,-177,2015,6,3900.6,1417.12874,0,2
60,-177,2015,7,10206,7147.07047,5,6
60,-177,2015,8,11962.2,5061.92001,9,62
60,-177,2015,9,8193,2126.64225,78,254
60,-177,2017,8,8069.4,4551.38887,12,2545
60,-177,2017,9,12670.8,6307.63228,13,4885
60,-177,2018,8,33786.6,13137.72741,80,107
60,-177,2018,9,14621.4,4876.68801,91,263
60,-177,2019,7,46932,16952.61642,2,65
60,-177,2019,8,54745.2,19870.08068,147,17078
60,-177,2019,9,1222.8,91.67876,6,26
60,-176,2011,9,35329.2,4564.7357,49,450
60,-176,2012,8,6222,1645.26302,1,9
60,-176,2012,9,7044,2479.45559,0,13
60,-176,2013,7,3440.4,1905.48543,0,4
60,-176,2013,8,55001.4,18041.96494,8,93
60,-176,2013,9,7362.2,5831.5818354250005,1,15
60,-176,2014,8,3238.2,511.9489,1,43
60,-176,2015,8,903,412.46025,1,9
60,-176,2015,9,35673.6,8262.98585,143,703
60,-176,2017,9,3727.8,1599.51379,4,5946
60,-176,2018,8,16751.8,8371.182164268,9,70
60,-176,2019,8,13762.2,1755.48645,9,241
60,-175,2011,9,32614.8,7313.71839,32,443
60,-175,2012,8,53825,15180.6788269429,0,54
60,-175,2013,7,9093.6,4990.5623,0,11
60,-175,2013,8,9118.2,2410.69026,0,34
60,-175,2013,9,6715.4,3523.0566658971,0,23
60,-175,2014,7,3437.4,1196.64563,0,14
60,-175,2014,8,6036.6,1013.4447299999999,1,49
60,-175,2015,8,1005,311.6843,1,5
60,-175,2015,9,14517,2267.75908,19,333
60,-175,2018,7,577.2,543.66405,1,0
60,-175,2018,8,11779.8,5147.60086,6,211
60,-175,2018,9,4529.4,1216.90677,3,132
60,-175,2019,8,7867.8,1042.30277,4,49
60,-174,2011,8,17590.2,2898.4257000000002,2,60
60,-174,2011,9,24511.8,6317.82727,12,211
60,-174,2012,8,38301.2,13329.8679630248,2,5
60,-174,2013,8,2497.2,361.93374,0,6
60,-174,2014,7,10767.6,3140.73855,2,101
60,-174,2014,8,9864,1273.42744,0,0
60,-173,2011,8,11034.6,2594.68004,1,43
60,-173,2011,9,2294.4,682.30844,1,8
60,-173,2012,8,26987.6,9586.7157749954,0,9
60,-173,2014,7,9469.2,1667.75486,0,1
60,-172,2011,8,3840,1310.96855,0,68
60,-172,2012,8,6762.2,1807.7595113321001,0,1
61,-179,2011,9,6382.2,1016.3569200000001,13,109
61,-179,2019,7,5908.8,2236.8364,1,2
61,-179,2019,8,7257.6,1380.17852,6,62
61,-178,2011,9,7353.6,423.33607,6,57
61,-178,2012,9,2757,949.55399,0,6
61,-178,2014,9,9100.8,3035.9058,1,2068
61,-178,2019,7,6456,2475.79284,0,6
61,-178,2019,8,18163.2,4525.17024,2,69
61,-177,2012,9,15071.4,6281.0245443138,1,34
61,-177,2013,9,1594.8,994.23824,0,9
61,-176,2012,8,4275.6,2878.21713,0,28
61,-176,2012,9,26373.6,8157.1256418499,0,178
61,-176,2013,9,6285,5003.3395,0,13
61,-175,2012,8,18623.4,6467.42693,0,73
61,-175,2012,9,30681.4,9844.1131664234,1,172
61,-175,2013,9,6968.4,3234.08869,2,12
61,-174,2012,9,23737,6675.5030335537,1,156
61,-174,2012,10,2363,1188.9490627654,0,9
